asin,category,themes,title_override,note
B0GVSM47SS,オーディオ,,,
B0HGPVP8B5,充電・モバイル,,,
B0HD6YWG48,充電・モバイル,,,
B0HKS2DSCP,充電・モバイル,,,
B0HHSNP8TK,オーディオ,,,
B0HHM5W7YK,健康・生活,,,
B0GBM2Q6CY,オーディオ,,,
B0GYJ167ZK,充電・モバイル,,,
B0HFVZN5S8,オーディオ,,,
B0GTYYH8H1,オーディオ,,,
B0H2963TCY,コーヒー・キッチン,,,
B0GF2C2F2V,オーディオ,,,
B0H1XGVXRM,充電・モバイル,,,
B0HC2F25FM,スマートホーム・家電,,,
B0HC25R9FV,スマートホーム・家電,,,
B0GGN84JQS,オーディオ,,,
B0H74FGM1N,充電・モバイル,,,
B0HFQR6NH1,オーディオ,,,
B0GXW71WRR,充電・モバイル,,,
B0HDYZRBX1,オーディオ,,,
B0HFRGJK9J,スマートホーム・家電,,,
B0H36NN8TY,オーディオ,,,
B0HGDT4N12,オーディオ,,,
B0D8L1337Y,充電・モバイル,,,
B0GHMTVSMW,オーディオ,,,
B0FJ285HT1,オーディオ,,,
B0H2HVBZ2M,オーディオ,,,
B0DCFSVN4F,スマートホーム・家電,,,
B0DCFXF1H1,スマートホーム・家電,,,
B0HC71VJVQ,スマートホーム・家電,,,
B0HDPSY9YW,充電・モバイル,,,
B0HKJLXRPN,充電・モバイル,,,
B0H7GSXP9D,オーディオ,,,
B0HGXP3LKR,オーディオ,,,
B07TPX1FGR,充電・モバイル,,,
B0GYXPPL8Z,スマートホーム・家電,,,
B0HJ1WN1J5,充電・モバイル,,,
B0HF73NBQR,スマートホーム・家電,,,
B0H49K1C8H,充電・モバイル,,,
B0H9QMV2X3,健康・生活,,,
B0HDNPV81M,オーディオ,,,
B0BRQ3MRWG,健康・生活,,,
B0H6WM6TZB,充電・モバイル,,,
B009GPMSIC,Kindle本・マンガ,,,
B0BB62QGMV,デスク・PC周辺,,,
B0HB3R4Y2J,スマートホーム・家電,,,
B0GXGNFNTH,充電・モバイル,,,
B0G1TD8CTB,スマートホーム・家電,,,
B07XGHBMTS,デスク・PC周辺,,,
B0DT9TJYCQ,オーディオ,,,
B0BB6FVBFJ,デスク・PC周辺,,,
B0HC37HW3D,健康・生活,,,
B0BDRSJ4LP,Kindle本・マンガ,,,
B0H5QVJNDP,オーディオ,,,
B0FSL5MRPG,スマートホーム・家電,,,
B0DRVB4DVC,スマートホーム・家電,,,
B07CGDBVS3,アウトドア,,,
B0HGG6PQ9K,充電・モバイル,,,
B0CG91SYDX,アウトドア,,,
B09324G799,アウトドア,,,
B00932N8NC,Kindle本・マンガ,,,
B0BWHWZQ9J,ストレージ・メモリ,,,
B00HYOUSAW,カメラ・撮影機材,,,
B0GVNN41NZ,スマートホーム・家電,,,
B0HDD66B24,スマートホーム・家電,,,
B00QQKCV6E,Kindle本・マンガ,,,
B0CM33N6Z8,Kindle本・マンガ,,,
B09FL9PFD1,健康・生活,,,
B0HD7G8N31,コーヒー・キッチン,,,
B0HGK4QNWL,オーディオ,,,
B0056E49MK,カメラ・撮影機材,,,
B0DYCF69K9,ストレージ・メモリ,,,
B0BLYCDQLZ,コーヒー・キッチン,,,
B0GWDG6XPC,スマートホーム・家電,,,
B08N65BZ61,アウトドア,,,
B0GT3YLYYB,充電・モバイル,,,
B0CYGTW91J,日用品・食品,,,
B0HFLXQJ7F,オーディオ,,,
B0BYD95D89,アウトドア,,,
B00185T9XK,カメラ・撮影機材,,,
B0GZM11T2V,アウトドア,,,
B0GRFN53XB,スマートホーム・家電,,,
B0H5WB7P84,健康・生活,,,
B08LGK55H8,デスク・PC周辺,,,
B0GHG2ZL9P,健康・生活,,,
B0F9KCJ493,スマートホーム・家電,,,
B00HNJWSDS,カメラ・撮影機材,,,
B0G8MQZ9K3,充電・モバイル,,,
B0CWZJGVW6,健康・生活,,,
B0D9Y1J4NH,デスク・PC周辺,,,
B0G3WLHTMQ,充電・モバイル,,,
B0GZYNKHCK,デスク・PC周辺,,,
B0DHYVKG2T,コーヒー・キッチン,,,
B0DHYVVMLX,コーヒー・キッチン,,,
B0DYJHD98G,充電・モバイル,,,
B0B6RCRH22,コーヒー・キッチン,,,
B0CQTQ4YM5,コーヒー・キッチン,,,
B0FS6SDJPD,コーヒー・キッチン,,,
B0GXF5WHWN,充電・モバイル,,,
B0GWZ2QWJD,コーヒー・キッチン,,,
B0006BLI22,コーヒー・キッチン,,,
B0HF7XYX2K,充電・モバイル,,,
B0G4RJVCKW,コーヒー・キッチン,,,
B0CT857V89,オーディオ,,,
B0CG18ZM6J,コーヒー・キッチン,,,
B08BPCK48W,日用品・食品,,,
B0GSQN5X7J,コーヒー・キッチン,,,
B0FGHX59G2,デスク・PC周辺,,,
B0DDY45J4W,健康・生活,,,
B0DD7B3VGB,健康・生活,,,
B0GSVMRPQ3,スマートホーム・家電,,,
B0GQDB71R2,スマートホーム・家電,,,
B0HG53YDJ9,オーディオ,,,
B0H5Q2LYJQ,コーヒー・キッチン,,,
B0H4Q4PGKG,健康・生活,,,
B0H755FW5W,オーディオ,,,
B0GVF5W57J,スマートホーム・家電,,,
B0H2PVYKGZ,スマートホーム・家電,,,
B0GCDQG2HW,オーディオ,,,
B0DHVSR4JX,アウトドア,,,
B0CCXW4LHR,コーヒー・キッチン,,,
B0GW97QRTP,オーディオ,,,
B0BXDQS4BD,デスク・PC周辺,,,
B0GZ1VLML6,Amazonデバイス,,,
B0C2XZF3CG,コーヒー・キッチン,,,
B0GTFM27YL,健康・生活,,,
B0H1LXM95P,充電・モバイル,,,
B0H44H9B78,健康・生活,,,
B0GR1FBY8T,オーディオ,,,
B0BTTTHPXS,カメラ・撮影機材,,,
B0H3HKPMQ3,オーディオ,,,
B0GCB58RFD,充電・モバイル,,,
B0H1MD7VHS,デスク・PC周辺,,,
B09QM1SWFJ,健康・生活,,,
B0CKT2197H,アウトドア,,,
B0CC8ZKBVC,充電・モバイル,,,
B0D4LVMYNV,コーヒー・キッチン,,,
B0G5N88Z97,健康・生活,,,
B09LTPW2P5,デスク・PC周辺,,,
B0D8S2RZMM,コーヒー・キッチン,,,
B0CHW15Z7B,オーディオ,,,
B0GWM21J3D,アウトドア,,,
B0H9LZZFLK,充電・モバイル,,,
B0GW8FWM45,充電・モバイル,,,
B0GRFZ95PG,充電・モバイル,,,
B0H8HGRGT4,スマートホーム・家電,,,
B0FLDBQ2WP,アウトドア,,,
B0FLDBWLXV,アウトドア,,,
B0GX9T9TJM,充電・モバイル,,,
B0GCDV7B3L,スマートホーム・家電,,,
B0GVM6R1QG,充電・モバイル,,,
B0B8YJMHHX,アウトドア,,,
B0GTLWZH7M,充電・モバイル,,,
B07G74217L,コーヒー・キッチン,,,
B09KGQFPL2,デスク・PC周辺,,,
B08Z7CT8C9,アウトドア,,,
B0DYTVVLH4,デスク・PC周辺,,,
B0GSV9B12P,アウトドア,,,
B0H2HKNVMJ,充電・モバイル,,,
B0F4CKCQSR,スマートホーム・家電,,,
B0H8SLSQHW,充電・モバイル,,,
B0B5SJM7LM,コーヒー・キッチン,,,
B0D5HKGV2S,アウトドア,,,
B0G64G321H,充電・モバイル,,,
B0G3P87H5H,充電・モバイル,,,
B0GL1T4G2T,充電・モバイル,,,
B0CZ3C9HYG,充電・モバイル,,,
B0GJZ1TCQP,オーディオ,,,
B0F8Q8W984,コーヒー・キッチン,,,
B0DZ1T51KS,スマートホーム・家電,,,
B0H561RRHT,アウトドア,,,
B0HKF74K8C,健康・生活,,,
B0H2GNKDM6,オーディオ,,,
B0F2F3RX72,カメラ・撮影機材,,,
B0G8DVFCPP,充電・モバイル,,,
B0CZD87HWR,オーディオ,,,
B0CZDSX163,オーディオ,,,
B0FCSBH974,充電・モバイル,,,
B0GMGNK2VG,オーディオ,,,
B0DMN94Q8M,デスク・PC周辺,,,
B0GGCCN2YB,充電・モバイル,,,
B0CTY9ZJYB,充電・モバイル,,,
B0F748QHVL,デスク・PC周辺,,,
B0GGZ3MZG2,スマートホーム・家電,,,
B0FGJMK7PZ,オーディオ,,,
B0GFDCVLVW,スマートホーム・家電,,,
B0DYV878CQ,健康・生活,,,
B0HBV2YL66,デスク・PC周辺,,,
B07V78HMDQ,充電・モバイル,,,
B09T5X9YZN,コーヒー・キッチン,,,
B0H94R41TV,スマートホーム・家電,,,
B0DBV8Y6WM,充電・モバイル,,,
B0CKFDV356,オーディオ,,,
B0DLWQC8GW,健康・生活,,,
B006QVAGUQ,アウトドア,,,
B0H2TZNQXR,オーディオ,,,
B0B4T71SW2,オーディオ,,,
B004MX8346,アウトドア,,,
B0BR3M8XHK,充電・モバイル,,,
B00LUGMWWW,カメラ・撮影機材,,,
B00LUGN0VY,カメラ・撮影機材,,,
B0FPF3H1HC,充電・モバイル,,,
B0H951WGVV,スマートホーム・家電,,,
B0H2Y8B648,アウトドア,,,
B0GQM2S4X4,充電・モバイル,,,
B0FM45VH8N,デスク・PC周辺,,,
B0GXB5HWWD,スマートホーム・家電,,,
B0HHJF7SDG,オーディオ,,,
B09WTG8RP6,デスク・PC周辺,,,
B0GW85Q98Z,スマートホーム・家電,,,
B0071FOEZY,コーヒー・キッチン,,,
B0002IS0IO,コーヒー・キッチン,,,
B0002IS0IY,コーヒー・キッチン,,,
B0D1XSKZRJ,デスク・PC周辺,,,
B0002QYRWY,健康・生活,,,
B08F7V9T3K,オーディオ,,,
B0FKB92YL8,日用品・食品,,,
B0FC2CZF7V,オーディオ,,,
B0GR94N3HC,健康・生活,,,
B0D9XVNBR2,コーヒー・キッチン,,,
B0BSQP7WWD,コーヒー・キッチン,,,
B0DRFD6P9G,デスク・PC周辺,,,
B0D9XXS4M8,コーヒー・キッチン,,,
B08X11GD52,充電・モバイル,,,
B0D5H19511,コーヒー・キッチン,,,
B0CHJNGG91,健康・生活,,,
B0F32DWXX2,デスク・PC周辺,,,
B0G5NB5GF4,充電・モバイル,,,
B0F2TC32ZW,スマートホーム・家電,,,
B08F2866Q3,オーディオ,,,
B0DWLLTG6N,充電・モバイル,,,
B0DWK4XHQ4,デスク・PC周辺,,,
B09S3LKT4X,カメラ・撮影機材,,,
B0D14KFRZG,オーディオ,,,
B0956X785M,デスク・PC周辺,,,
B0FN48X4S9,コーヒー・キッチン,,,
B0GGYNQGSK,スマートホーム・家電,,,
B0DG914LY9,充電・モバイル,,,
B0G92M3TC7,デスク・PC周辺,,,
B0FX7M29RP,スマートホーム・家電,,,
B0CKFHB9P3,オーディオ,,,
B09XWNYZFG,充電・モバイル,,,
B0F2SVNS6M,オーディオ,,,
B0D5VC1XPQ,コーヒー・キッチン,,,
B0DZMVYG4J,コーヒー・キッチン,,,
B0DDNQB5HM,オーディオ,,,
B09L42VBH5,健康・生活,,,
B0D21S5SPG,デスク・PC周辺,,,
B0DSJ5ZH8F,デスク・PC周辺,,,
B0BCJ22BWV,カメラ・撮影機材,,,
B07Q2WW8FM,健康・生活,,,
B07PLX7JLR,充電・モバイル,,,
B0BVPVBG3W,オーディオ,,,
B09WY5GM51,カメラ・撮影機材,,,
B0G2NZWQ3N,オーディオ,,,
B0BVPS2FFK,オーディオ,,,
B0B77BHC81,充電・モバイル,,,
B0FBRPGLKF,カメラ・撮影機材,,,
B0CVPR5LM4,コーヒー・キッチン,,,
B0DK2VVNNP,ストレージ・メモリ,,,
B0HF4KFWLJ,オーディオ,,,
B09KGWTZ3J,デスク・PC周辺,,,
B0GGZ1S2ZK,スマートホーム・家電,,,
B0HCTW9N64,健康・生活,,,
B07MJ97QWZ,デスク・PC周辺,,,
B0CR6J2HCK,デスク・PC周辺,,,
B09T97Z7DM,ストレージ・メモリ,,,
B07968SHZX,日用品・食品,,,
B0H7S6CYF5,日用品・食品,,,
B0FXV2HRZR,充電・モバイル,,,
B01ABDUITS,アウトドア,,,
B0054TWH9E,デスク・PC周辺,,,
B0C5X8DP5G,ストレージ・メモリ,,,
B0B1Q636K7,デスク・PC周辺,,,
B0B1Q383WZ,デスク・PC周辺,,,
B0FJLZ6BV3,充電・モバイル,,,
B088G48JR7,オーディオ,,,
B0BVPNJP1C,オーディオ,,,
B09KZF8D91,アウトドア,,,
B0GW7KYC1C,オーディオ,,,
B09BYFM7WD,日用品・食品,,,
B0GQ789GKG,デスク・PC周辺,,,
B0D86T75TM,スマートホーム・家電,,,
B0GC5VVRP7,ストレージ・メモリ,,,
B0FTM9YY3Y,日用品・食品,,,
B0FJ2L67HJ,カメラ・撮影機材,,,
B0CNGV8411,コーヒー・キッチン,,,
B0GYNHRWVR,オーディオ,,,
B0DSZGR9BC,デスク・PC周辺,,,
B08151TFPM,コーヒー・キッチン,,,
B0DJ359Y5F,Amazonデバイス,,,
B0BJPCKYSK,アウトドア,,,
B088P8QYWN,デスク・PC周辺,,,
B07Z4S81ZQ,日用品・食品,,,
B079C31J53,アウトドア,,,
B0C6FFQLTN,充電・モバイル,,,
B08TH4KFVP,充電・モバイル,,,
B09QS96P1L,日用品・食品,,,
B0H7Q1ZML4,充電・モバイル,,,
B095RLRDGR,カメラ・撮影機材,,,
B0GYJ8QYNP,充電・モバイル,,,
B0HCBQM5HK,スマートホーム・家電,,,
B0G6JTYPB8,スマートホーム・家電,,,
B09BC44BVH,カメラ・撮影機材,,,
B0FD9QLPFB,デスク・PC周辺,,,
B0HH9D6PVV,コーヒー・キッチン,,,
B0GHYKF9SJ,充電・モバイル,,,
B0DKJD36DN,デスク・PC周辺,,,
B09BZKL45Q,日用品・食品,,,
B0DRP1F6R7,デスク・PC周辺,,,
B0FL1BVGJD,健康・生活,,,
B07PP2RB25,充電・モバイル,,,
B079PTGNTW,オーディオ,,,
B0C2YB5488,Kindle本・マンガ,,,
B0BKPL1VKW,デスク・PC周辺,,,
B0DCF3WSY5,スマートホーム・家電,,,
B0F1FYBV2G,健康・生活,,,
B0FL1BH9VM,健康・生活,,,
B0BJKJMVBG,アウトドア,,,
B084WS8WXR,Amazonデバイス,,,
B0G5L9MG9T,充電・モバイル,,,
B0B7M268XY,日用品・食品,,,
B0BTDCZT1M,デスク・PC周辺,,,
B0F6BW37BB,オーディオ,,,
B0G2JYGKGJ,充電・モバイル,,,
B0FF4JKNC6,コーヒー・キッチン,,,
B0FWC5XKR6,健康・生活,,,
B0C69B6F5D,充電・モバイル,,,
B097DBSJ1F,オーディオ,,,
B097DB9VKC,オーディオ,,,
B097DBJWW9,オーディオ,,,
B0G592L5KV,デスク・PC周辺,,,
B089W4Z1X7,健康・生活,,,
B0BQ71L6R9,デスク・PC周辺,,,
B0GZT8DVB7,アウトドア,,,
B09N92B8SP,コーヒー・キッチン,,,
B0B5ZF1X9G,デスク・PC周辺,,,
B0GG4HC7Z5,充電・モバイル,,,
B0H26V7L4Q,デスク・PC周辺,,,
B00IIFDY6G,コーヒー・キッチン,,,
B0G6K1YK5C,日用品・食品,,,
B0GW8FDRJ2,充電・モバイル,,,
B09QFYNJMB,オーディオ,,,
B0CK1GJRPM,日用品・食品,,,
B0GTQCZXV6,健康・生活,,,
B09J3WH448,ストレージ・メモリ,,,
B0FNM8TP9T,充電・モバイル,,,
B0CH8H52T5,充電・モバイル,,,
B0BG8PWK8T,デスク・PC周辺,,,
B0927ZLPZ9,デスク・PC周辺,,,
B079C1K6DH,アウトドア,,,
B0FWR8VTDD,オーディオ,,,
B09797VN9Z,オーディオ,,,
B08YRBD7JY,コーヒー・キッチン,,,
B0H94RG2CS,アウトドア,,,
B08TLVKBMJ,デスク・PC周辺,,,
B000FQOP6E,日用品・食品,,,
B0F8J46L4R,健康・生活,,,
B0CKWSDCC7,デスク・PC周辺,,,
B09KZPHC2Q,アウトドア,,,
B0097280D6,Kindle本・マンガ,,,
B01DNDMSLY,アウトドア,,,
B0DMHRXB9Z,アウトドア,,,
B093B4TSPM,健康・生活,,,
B0DKH76YFF,コーヒー・キッチン,,,
B09QX3PG25,日用品・食品,,,
B0HH7R7RTR,スマートホーム・家電,,,
B0H4FR86NT,オーディオ,,,
B0C2T3JW7T,Amazonデバイス,,,
B0DSZKVLQT,デスク・PC周辺,,,
B0HGM86T8R,カメラ・撮影機材,,,
B0H4ZMRH1R,カメラ・撮影機材,,,
B07M7D4Y5D,アウトドア,,,
B07W3KK949,デスク・PC周辺,,,
B0H419M8FY,スマートホーム・家電,,,
B0C3C4GYBX,健康・生活,,,
B0CVNB7LCC,充電・モバイル,,,
B0CNWVH5ZY,アウトドア,,,
B088H76TK6,スマートホーム・家電,,,
B0F3X9RLT6,オーディオ,,,
B0G6KCNKVH,スマートホーム・家電,,,
B09C1NP6GB,スマートホーム・家電,,,
B08CB1G667,コーヒー・キッチン,,,
B0GYPVGG2D,デスク・PC周辺,,,
B0FLDZG52L,日用品・食品,,,
B07HRQMV4M,アウトドア,,,
B0CG19QXWD,カメラ・撮影機材,,,
B0CFWPQTLM,コーヒー・キッチン,,,
B0DDKHF9XY,オーディオ,,,
B08PYB8GDX,デスク・PC周辺,,,
B0CC4VYMSP,Amazonデバイス,,,
B0D21FZ5KN,デスク・PC周辺,,,
B08Z76S82Y,アウトドア,,,
B0FV2KZWS2,カメラ・撮影機材,,,
B07HRKNWWT,アウトドア,,,
B0FNWYD2LC,ストレージ・メモリ,,,
B0CV5HXQ2H,アウトドア,,,
B0FGC1KRX4,オーディオ,,,
B0GPDBS299,充電・モバイル,,,
B0BSF4XF44,健康・生活,,,
B079C2CV9W,アウトドア,,,
B09Q5SHDR3,デスク・PC周辺,,,
B0DWXBLF3D,健康・生活,,,
B09QS9RJ39,日用品・食品,,,
B0H5HX29VC,オーディオ,,,
B0FG2C56W5,アウトドア,,,
B0D9YV5LFB,充電・モバイル,,,
B0H4G7V79L,オーディオ,,,
B0FRSGC73Z,オーディオ,,,
B0D5CSCHM1,デスク・PC周辺,,,
B0F43M6SBB,充電・モバイル,,,
B0GGGVB1H8,デスク・PC周辺,,,
B0G5XYTQ88,デスク・PC周辺,,,
B0H3KZT46H,カメラ・撮影機材,,,
B0C3BV19Q3,オーディオ,,,
B0C3BSZ56D,オーディオ,,,
B0F1CZNR7D,日用品・食品,,,
B0CX1F4DT6,充電・モバイル,,,
B0DBHJ31TX,充電・モバイル,,,
B0GJZDBNS7,オーディオ,,,
B0H9JYHPBN,スマートホーム・家電,,,
B0DXW278KB,オーディオ,,,
B0GWM75N59,カメラ・撮影機材,,,
B08B3T1BG3,コーヒー・キッチン,,,
B0DFNQM23V,コーヒー・キッチン,,,
B0GTKTWHV3,オーディオ,,,
B0B119XZBK,オーディオ,,,
B09Z2QYYD1,オーディオ,,,
B07D6NTYKL,アウトドア,,,
B08LMK3L5C,デスク・PC周辺,,,
B0FDB74YVX,アウトドア,,,
B0BF5WN71R,オーディオ,,,
B09XZTM9QD,デスク・PC周辺,,,
B0CGLP26ZR,デスク・PC周辺,,,
B078Y4D3MP,オーディオ,,,
B0D3Q9G6DC,コーヒー・キッチン,,,
B08G8VP6D5,Kindle本・マンガ,,,
B0GW8N56Q3,充電・モバイル,,,
B08GG66LN5,Amazonデバイス,,,
B0HHH9LDHR,ストレージ・メモリ,,,
B0DM1TTC44,健康・生活,,,
B019DT8GJK,コーヒー・キッチン,,,
B0F8NPWRKK,デスク・PC周辺,,,
B0FQNYVXT6,日用品・食品,,,
B077NG51J8,アウトドア,,,
B08P717SMC,Kindle本・マンガ,,,
B0F66SGSXQ,アウトドア,,,
B0HC77JK7G,コーヒー・キッチン,,,
B0CXP9T3CH,充電・モバイル,,,
B0CY1ZFY3B,スマートホーム・家電,,,
B0DDKK9DRV,オーディオ,,,
B0BJ6HXBJZ,カメラ・撮影機材,,,
B08K2CHMWK,デスク・PC周辺,,,
B087RDCV55,スマートホーム・家電,,,
B0GYPHGTY3,デスク・PC周辺,,,
B0GTQCJQ9J,健康・生活,,,
B0CZ6PSHQ4,アウトドア,,,
B0FPLK9FSJ,オーディオ,,,
B0G644ZBVN,コーヒー・キッチン,,,
B08KT5T6BS,日用品・食品,,,
B08MJR93YJ,デスク・PC周辺,,,
B07DVC25R2,デスク・PC周辺,,,
B0DK4G38D5,オーディオ,,,
B0C4TNTZ3R,オーディオ,,,
B09BM4KJ8G,日用品・食品,,,
B0CJDRGBH4,コーヒー・キッチン,,,
B09XF3HRGW,デスク・PC周辺,,,
B09XF23WY2,デスク・PC周辺,,,
B0CBKQZXT7,オーディオ,,,
B0GD79PPWN,デスク・PC周辺,,,
B0FBRDCH3B,オーディオ,,,
B0DJXSJWSX,カメラ・撮影機材,,,
B0CV3T9Q6F,コーヒー・キッチン,,,
B09HBV3SPR,アウトドア,,,
B0F6C4TTFV,コーヒー・キッチン,,,
B0DH7YFKF1,コーヒー・キッチン,,,
B0D925SMM2,コーヒー・キッチン,,,
B00QQYABW6,アウトドア,,,
B0DFC21FWG,デスク・PC周辺,,,
B0GR4NR53Y,デスク・PC周辺,,,
B0B2ZT2HRJ,デスク・PC周辺,,,
B01HGGWB7K,オーディオ,,,
B08DCTVP9B,カメラ・撮影機材,,,
B0D4DYZQ5T,オーディオ,,,
B0DF13FF85,オーディオ,,,
B09WQVRGLN,カメラ・撮影機材,,,
B0C783YNW7,カメラ・撮影機材,,,
B0FVSBNV8L,デスク・PC周辺,,,
B0CTJGLYFN,カメラ・撮影機材,,,
B0FV2LLZKJ,カメラ・撮影機材,,,
B0BJKFMRRR,アウトドア,,,
B0B185XX4B,デスク・PC周辺,,,
B0D3QMSSVG,コーヒー・キッチン,,,
B09N6K39Q7,コーヒー・キッチン,,,
B0HCNBK36S,コーヒー・キッチン,,,
B0FQV49SNZ,デスク・PC周辺,,,
B0GTZ4YBD4,ストレージ・メモリ,,,
B0DXL1JKH9,ストレージ・メモリ,,,
B0GJS7B318,スマートホーム・家電,,,
B0H363WT88,カメラ・撮影機材,,,
